USE tpch1;
select n_nationkey, n_name into outfile '/tmp/bug3935_outfile.txt'
FIELDS TERMINATED BY '|' LINES TERMINATED BY '/n' from nation;
select n_nationkey, n_name into outfile '/tmp/bug3935_outfile.txt'
FIELDS TERMINATED BY '|' LINES TERMINATED BY '/n' from nation;
select n_nationkey, n_name into outfile '/tmp/bug3935_outfile.txt'
FIELDS TERMINATED BY '|' OPTIONALLY ENCLOSED BY '"' LINES TERMINATED BY '/n'
from nation;
SELECT * INTO OUTFILE '/tmp/bug3935_outfile.txt' FIELDS TERMINATED BY ',' LINES TERMINATED BY '\n'
FROM (SELECT 'ID', 'Name' UNION (SELECT n_nationkey, n_name FROM nation ORDER BY n_name DESC)) t;
SELECT * INTO OUTFILE '/tmp/bug3935_outfile.txt' FIELDS TERMINATED BY ',' OPTIONALLY ENCLOSED BY '"' LINES TERMINATED BY '\n'
FROM (SELECT 'ID', 'Name' UNION (SELECT n_nationkey, n_name FROM nation ORDER BY n_name DESC)) t;
SELECT *
INTO OUTFILE '/tmp/bug3935_outfile.txt'
FIELDS TERMINATED BY ',' OPTIONALLY ENCLOSED BY '\"'
LINES TERMINATED BY '\n'
FROM (SELECT 'ID', 'Name'
       UNION
SELECT n_nationkey, n_name from nation) a;
SELECT a.*
INTO OUTFILE '/tmp/bug3935_outfile.txt'
FIELDS TERMINATED BY ',' OPTIONALLY ENCLOSED BY '\"'
LINES TERMINATED BY '\n'
FROM (SELECT 'ID', 'Name'
UNION
SELECT n_nationkey, n_name from nation order by 2 desc) a;
