DROP DATABASE IF EXISTS mcol_5386;
CREATE DATABASE mcol_5386;
USE mcol_5386;
DROP TABLE IF EXISTS t1;
create table t1(c decimal(38)) engine=columnstore;
insert into t1(c) values (11111111111111111111111111111111111111);
select bit_or(c), bit_xor(c), bit_and(c) from t1;
bit_or(c)	bit_xor(c)	bit_and(c)
10324568879994270151	10324568879994270151	10324568879994270151
DROP TABLE IF EXISTS t1;
create table t1(c decimal(18)) engine=columnstore;
insert into t1(c) values (999999999999999999);
select bit_or(c), bit_xor(c), bit_and(c) from t1;
bit_or(c)	bit_xor(c)	bit_and(c)
999999999999999999	999999999999999999	999999999999999999
DROP TABLE IF EXISTS t1;
DROP DATABASE mcol_5386;
